#ROW_NO.	INPUT	PROTEIN_ID	LENGTH	STRAND	CODON_CHANGE	POS	RESIDUE_REF	RESIDUE_ALT	TYPE	SCORE	PREDICTION (cutoff=-2.5)	#SEQ	#CLUSTER	SCORE	PREDICTION (cutoff=0.05)	MEDIAN_INFO	#SEQ	dbSNP_ID
1	7,72727096,CGAA,C	ENSP00000327994	487	-1	TTC [TTCG/G]AT GCC	427	F	.	Deletion	-10.07	Deleterious	266	30	NA	NA	NA	NA	
2	10,120789634,GGACGAC,G	ENSP00000393275	292	1	GAC GA[GGACGAC/G] GAC	108	DD	.	Deletion	-0.10	Neutral	60	30	NA	NA	NA	NA	
3	16,88787607,CCTT,C	ENSP00000301015	2521	-1	AAG [AAGG/G]AG GGC	1877	K	.	Deletion	-0.72	Neutral	78	30	NA	NA	NA	NA	rs150376294
4	19,36211374,CAAG,C	ENSP00000222270	2715	1	AAA GA[CAAG/C] GAG	376	K	.	Deletion	-1.18	Neutral	98	30	NA	NA	NA	NA	
5	10,21805466,C,CCCTCCT	ENSP00000410041	908	-1	GAG G[-/AGGAGG]GG GGC	428	E	EEE	Insertion	2.15	Neutral	93	30	NA	NA	NA	NA	rs112207161
6	1,149916629,TTTC,T	ENSP00000358131	843	-1	AAG AA[GAAA/A] AAC	551	K	.	Deletion	-1.81	Neutral	119	30	NA	NA	NA	NA	
7	2,232325414,TTCA,T	ENSP00000318195	710	-1	GAT GA[TGAA/A] GAT	257	D	.	Deletion	-0.80	Neutral	111	30	NA	NA	NA	NA	rs139777351
8	5,127419931,TGCGGCG,T	ENSP00000262461	1212	1	GCT GC[TGCGGCG/T] GCG	94	AA	.	Deletion	0.33	Neutral	251	30	NA	NA	NA	NA	
9	7,27213495,GGGGGCGGCGGCTGCTGCT,G	ENSP00000283921	410	-1	CCC C[AGCAGCAGCCGCCGCCCCC/C]G CCG	137	PQQQPP	.	Deletion	0.88	Neutral	196	30	NA	NA	NA	NA	
10	19,1009550,GGCCCCCGCGGAGGCCCCACCACACTCT,G	ENSP00000234389	1043	1	AGA GC[GGCCCCCGCGGAGGCCCCACCACACTCT/G] GGC	1028	APAEAPPHS	.	Deletion	-2.60	Deleterious	133	30	NA	NA	NA	NA	rs142516571
11	19,14939009,CAGA,C	ENSP00000316955	319	-1	CTT CT[TCTG/G] GGA	13	L	.	Deletion	-9.42	Deleterious	496	30	NA	NA	NA	NA	
12	19,56671272,ACCCCGGCAG,A	ENSP00000338860	327	1	ACG C[ACCCCGGCAG/A]C CCC	230	PGS	.	Deletion	2.21	Neutral	183	30	NA	NA	NA	NA	
13	22,39496322,TAAC,T	ENSP00000385741	200	1	CAG TT[TAAC/T] AAC	14	N	.	Deletion	-7.43	Deleterious	283	30	NA	NA	NA	NA	rs140936762
14	2,234429739,T,TTTC	ENSP00000415434	1247	-1	GAG AA[-/GAA]A TGG	751	E	EK	Insertion	-1.72	Neutral	83	30	NA	NA	NA	NA	rs141501074
15	6,71569066,C,CCAT	ENSP00000359481	436	1	CAC TC[-/CAT]C ATC	408	S	SI	Insertion	0.14	Neutral	156	30	NA	NA	NA	NA	
16	8,103573042,G,GCCCCTGCAA	ENSP00000285402	250	1	TGC AG[-/CCCCTGCAA]C CCA	228	S	SPCN	Insertion	2.89	Neutral	71	22	NA	NA	NA	NA	
17	10,55587197,A,AGGC	ENSP00000415860	1962	-1	CCG CC[-/GCC]T CCG	1445	P	PP	Insertion	-0.48	Neutral	212	30	NA	NA	NA	NA	
18	X,54209302,G,GGGCGGC	ENSP00000364324	1096	-1	CCG CC[-/GCCGCC]C CCT	109	P	PPP	Insertion	-0.65	Neutral	131	30	NA	NA	NA	NA	
19	11,94801025,T,C	record not found																rs146704283
20	19,40411823,C,T	ENSP00000221347	5405	-1	TTC [G/A]AC TTC	1269	D	N	Single AA Change	-2.47	Neutral	45	30	0.369	Tolerated	2.82	22	
21	3,42729790,AGGCTGTGAGCAT,A	overlap with intron region																
22	1,117503858,C,T	record not found																
23	7,22532938,C,T	record not found																
24	13,37600336,T,C	record not found																
25	19,45818863,G,A	record not found																
26	20,34542268,G,A	record not found																rs41293094
27	2,97533493,CCTCACCCCTCCAGGCA,C	record not found																
28	9,4629170,T,TAAAA	record not found																
29	12,47182405,A,AAC	record not found																
30	15,78208085,C,A	record not found																
31	5,177676118,C,T	ENSP00000375069	540	-1	CTC CC[G/A] GGC	383	P	P	Synonymous	0.00	Neutral	136	30	1.000	Tolerated	2.76	153	
32	6,46851296,C,T	ENSP00000265417	1346	-1	ACA GC[G/A] TTC	204	A	A	Synonymous	0.00	Neutral	137	30	1.000	Tolerated	2.81	59	rs78333594
